{
  "client_id": "client2",
  "device_info": {
    "system": "Darwin",
    "release": "24.4.0",
    "version": "Darwin Kernel Version 24.4.0: Wed Mar 19 21:18:03 PDT 2025; root:xnu-11417.101.15~1/RELEASE_ARM64_T8112",
    "machine": "arm64",
    "processor": "arm",
    "cpu_count": 8,
    "cpu_physical_count": 8,
    "memory_total": 8589934592,
    "platform": "macOS-15.4-arm64-arm-64bit",
    "python_version": "3.12.9",
    "cpu_freq_max": 3504,
    "cpu_freq_min": 600,
    "cpu_freq_current": 3504,
    "gpu_available": false,
    "gpu_info": [],
    "tensorflow_gpu": false,
    "tensorflow_gpu_count": 0,
    "pytorch_gpu": false,
    "pytorch_gpu_count": 0,
    "net_bytes_sent": 432965632,
    "net_bytes_recv": 3952951296,
    "disk_total": 245107195904,
    "disk_free": 94882099200,
    "disk_percent": 10.6
  },
  "device_category": "mid_range_cpu",
  "created_at": 1742622053.40005,
  "last_seen": 1744169609.5677922,
  "training_count": 0,
  "average_training_time": 0,
  "max_batch_size": 64,
  "performance_benchmark": {
    "matrix_mul_1000x1000": 0.02624225616455078,
    "memory_copy_1M": 0.004041194915771484,
    "gpu_tf_matmul_1000x1000": 0.09046006202697754
  },
  "resource_history": [
    {
      "timestamp": 1744169615.2228448,
      "cpu_percent": 0.0,
      "memory_available": 1651556352,
      "memory_percent": 80.8,
      "disk_free": 94880665600,
      "disk_percent": 10.6,
      "battery_percent": 35,
      "battery_power_plugged": false,
      "net_sent": 434587648,
      "net_recv": 3954576384
    },
    {
      "timestamp": 1744169616.240994,
      "cpu_percent": 11.8,
      "memory_available": 1651048448,
      "memory_percent": 80.8,
      "disk_free": 94880665600,
      "disk_percent": 10.6,
      "battery_percent": 35,
      "battery_power_plugged": false,
      "net_sent": 434589696,
      "net_recv": 3954578432
    },
    {
      "timestamp": 1744169617.2675772,
      "cpu_percent": 12.1,
      "memory_available": 1656389632,
      "memory_percent": 80.7,
      "disk_free": 94880665600,
      "disk_percent": 10.6,
      "battery_percent": 35,
      "battery_power_plugged": false,
      "net_sent": 434592768,
      "net_recv": 3954581504
    },
    {
      "timestamp": 1744169618.2907698,
      "cpu_percent": 11.2,
      "memory_available": 1676607488,
      "memory_percent": 80.5,
      "disk_free": 94880661504,
      "disk_percent": 10.6,
      "battery_percent": 35,
      "battery_power_plugged": false,
      "net_sent": 434594816,
      "net_recv": 3954583552
    },
    {
      "timestamp": 1744169619.31077,
      "cpu_percent": 33.8,
      "memory_available": 1640284160,
      "memory_percent": 80.9,
      "disk_free": 94880505856,
      "disk_percent": 10.6,
      "battery_percent": 35,
      "battery_power_plugged": false,
      "net_sent": 434597888,
      "net_recv": 3954587648
    }
  ],
  "last_resource_check": {
    "timestamp": 1744169619.31077,
    "cpu_percent": 33.8,
    "memory_available": 1640284160,
    "memory_percent": 80.9,
    "disk_free": 94880505856,
    "disk_percent": 10.6,
    "battery_percent": 35,
    "battery_power_plugged": false,
    "net_sent": 434597888,
    "net_recv": 3954587648
  }
}